ID	begin	msa_original	l_effective	n_effective	repeat_region_length	divergence	pvalue
Q9H7P9	593	E,E,E,E,E,E,E,E	1	8.0	8	1e-10	0.0
Q9H7P9	322	G,G,G,G,G,G	1	6.0	6	1e-10	0.0
P20393	82	S,S,S,S,S,S,S,S,S,S,S,S	1	12.0	12	1e-10	0.0
O43166	1461	S,S,S,S,S,S,S,S	1	8.0	8	1e-10	0.0
Q9H7N4	819	S,S,S,S,S,S,S	1	7.0	7	1e-10	0.0
Q9H7N4	758	S,S,S,S,S,S	1	6.0	6	1e-10	0.0
Q9H7N4	620	S,S,S,S,S,S	1	6.0	6	1e-10	0.0
Q9H7N4	606	R,R,R,R,R,R	1	6.0	6	1e-10	0.0
Q9H7N4	1022	E,E,E,E,E,E,E,E,E,E,E,E,E,E,E,E,E,E	1	18.0	18	1e-10	0.0
Q9H7N4	268	E,E,E,E,E,E,E,E,E,E,E,E,E,E,E	1	15.0	15	1e-10	0.0
Q9H7N4	208	P,P,P,P,P,P,P,P	1	8.0	8	1e-10	0.0
Q9H7N4	777	DR,DR,DR,DR,DR,DR,DR	2	7.0	14	1e-10	0.0
Q9H7N4	573	RS,RS,RS,RS,RS	2	5.0	10	1e-10	0.0
Q9H7N4	662	AP,AP,AP	2	3.0	6	1e-10	0.0
Q9H7N4	501	PA,PA,PA,PA	2	4.0	8	1e-10	0.0
Q9H7N4	214	PPA,PPA,PPA,P--	3	3.3333333333333335	10	1e-10	0.0
O75151	635	FS,FS,FS	2	3.0	6	1e-10	0.0
O75151	506	PKP,PKP,PKP,P--	3	3.3333333333333335	10	1e-10	0.0
Q15139	17	A,A,A,A,A,A,A,A,A,A	1	10.0	10	1e-10	0.0
Q14318	36	E,E,E,E,E,E,E,E,E,E,E	1	11.0	11	1e-10	0.0
Q14318	84	PA,PA,PA,P-	2	3.5	7	1e-10	0.0
P55055	177	SQ,SQ,SQ,S-	2	3.5	7	1e-10	0.0
P28356	131	G,G,G,G,G,G,G,G,G,G	1	10.0	10	1e-10	0.0
Q9BTA0	128	EL,EL,EL,E-	2	3.5	7	1e-10	0.0
Q9BTA0	13	EED,EED,EE-	3	2.6666666666666665	8	1e-10	0.0
P98077	9	APP,APP,APP	3	3.0	9	1e-10	0.0
Q9ULE0	451	SLS,SRS,SLS,SLS	3	4.0	12	0.07220458992930909	0.0
Q8TD19	752	G,G,G,G,G,G,G,G,G	1	9.0	9	1e-10	0.0
Q8IWT3	1671	E,E,E,E,E,E,E,E,E,E,E	1	11.0	11	1e-10	0.0
Q53ET0	398	S,S,S,S,S,S,S,S	1	8.0	8	1e-10	0.0
Q9H2G4	187	R,R,R,R,R,R,R,R,R	1	9.0	9	1e-10	0.0
Q9H2G4	25	P,P,P,P,P,P,P,P,P	1	9.0	9	1e-10	0.0
Q9H2G4	173	ED,ED,ED,E-	2	3.5	7	1e-10	0.0
Q9NUG4	547	D,D,D,D,D,D	1	6.0	6	1e-10	0.0
Q9NUG4	252	G,G,G,G,G,G,G,G	1	8.0	8	1e-10	0.0
Q9NUG4	217	G,G,G,G,G,G	1	6.0	6	1e-10	0.0
Q96I13	137	GS,GS,GS,GS,G-	2	4.5	9	1e-10	0.0
P49760	119	R,R,R,R,R,R	1	6.0	6	1e-10	0.0
Q49AN0	12	AP,AP,AP	2	3.0	6	1e-10	0.0
O60292	55	AT,AT,AT,AT,AT	2	5.0	10	1e-10	0.0
O60292	372	ASA,ASA,ASA	3	3.0	9	1e-10	0.0
Q8NC44	22	LG,LG,LG,L-	2	3.5	7	1e-10	0.0
Q8TE68	558	PA,PA,PA,P-,P-	2	4.0	8	1e-10	0.0
P09529	39	P,P,P,P,P,P,P	1	7.0	7	1e-10	0.0
Q9BT09	17	L,L,L,L,L,L,L,L,L	1	9.0	9	1e-10	0.0
Q9BYB0	1636	SP,SP,SP	2	3.0	6	1e-10	0.0
Q9BYB0	1591	GA,GA,G-,GA,G-	2	4.0	8	1e-10	0.0
Q9BYB0	1108	LA,LA,LA	2	3.0	6	1e-10	9.999999999998899e-05
Q9BYB0	450	PAP,PAP,PAP,P--	3	3.3333333333333335	10	1e-10	0.0
O94953	419	E,E,E,E,E,E	1	6.0	6	1e-10	0.0
Q4KMP7	71	AP,AP,AP,AP,AP,AP,A-	2	6.5	13	1e-10	0.0
P35453	113	A,A,A,A,A,A	1	6.0	6	1e-10	0.0
P35453	57	A,A,A,A,A,A,A,A,A,A,A,A,A,A,A	1	15.0	15	1e-10	0.0
P35453	85	S,S,S,S,S,S,S,S	1	8.0	8	1e-10	0.0
P35453	25	S,S,S,S,S,S	1	6.0	6	1e-10	0.0
Q08629	8	A,A,A,A,A,A	1	6.0	6	1e-10	0.0
Q14934	297	P,P,P,P,P,P	1	6.0	6	1e-10	0.0
Q14934	100	GGA,GGA,GG-	3	2.6666666666666665	8	1e-10	0.0
Q86UL8	233	E,E,E,E,E,E	1	6.0	6	1e-10	0.0
Q86UL8	1354	AAD,AAD,AA-	3	2.6666666666666665	8	1e-10	0.0
Q96JZ2	7	LP,LP,LP	2	3.0	6	1e-10	0.0
Q9ULX6	602	P,P,P,P,P,P,P	1	7.0	7	1e-10	0.0
Q9ULX6	248	FG,FG,FG	2	3.0	6	1e-10	0.0
Q9ULX6	44	GY,GY,GY,GY,G-	2	4.5	9	1e-10	0.0
Q0ZGT2	556	E,E,E,E,E,E,E	1	7.0	7	1e-10	0.0
P49761	194	RS,RS,RS	2	3.0	6	1e-10	0.0
Q9NY15	2353	LDF,LDF,LD-	3	2.6666666666666665	8	1e-10	0.0
P31314	77	GGP,GGP,GGP	3	3.0	9	1e-10	0.0
Q9NQX5	150	TP,TP,TP	2	3.0	6	1e-10	0.0
Q00653	711	SD,SD,SD,S-	2	3.5	7	1e-10	0.0
Q969E3	8	L,L,L,L,L,L,L,L	1	8.0	8	1e-10	0.0
Q6NYC8	96	Q,Q,Q,Q,Q,Q,Q,Q	1	8.0	8	1e-10	0.0
Q6NYC8	482	PAT-,PAT-,P-TS,PAT-	3	3.6666666666666665	12	1e-10	0.0
P35052	485	GS,GS,GS,G-	2	3.5	7	1e-10	0.0
Q9NNZ3	200	AR,AR,AR,A-	2	3.5	7	1e-10	0.0
Q9C0C4	54	LT,LT,LT	2	3.0	6	1e-10	0.0
Q8N2M8	377	S,S,S,S,S,S,S,S,S	1	9.0	9	1e-10	0.0
Q8N2M8	339	A,A,A,A,A,A,A,A,A,A	1	10.0	10	1e-10	0.0
Q8N2M8	662	RS,RS,RS,RS	2	4.0	8	1e-10	0.0
Q8N2M8	468	RS,RS,RS	2	3.0	6	1e-10	0.0
Q8N2M8	311	SR,SR,SR,S-	2	3.5	7	1e-10	0.0
P51888	35	RP,RP,RP,RP	2	4.0	8	1e-10	0.0
Q9H4E7	330	REQ,REQ,RE-	3	2.6666666666666665	8	1e-10	0.0
Q96MF2	65	E,E,E,E,E,E,E,E,E,E,E,E	1	12.0	12	1e-10	0.0
P05155	10	L,L,L,L,L,L	1	6.0	6	1e-10	0.0
Q8N4Y2	378	C,C,C,C,C,C	1	6.0	6	1e-10	0.0
Q8N4Y2	130	E,E,E,E,E,E,E	1	7.0	7	1e-10	0.0
Q16520	4	SSD,SSD,SS-	3	2.6666666666666665	8	1e-10	0.0
Q8IZY2	1619	L,L,L,L,L,L,L	1	7.0	7	1e-10	0.0
Q9HBL0	651	Q,Q,Q,Q,Q,Q,Q,Q,Q	1	9.0	9	1e-10	0.0
Q9NXW2	253	IL,IL,IL	2	3.0	6	1e-10	9.999999999998899e-05
Q9NXW2	183	HG,HG,HG	2	3.0	6	1e-10	0.0
Q9H4X1	11	A,A,A,A,A,A,A	1	7.0	7	1e-10	0.0
Q12873	210	A,A,A,A,A,A,A,A,A,A	1	10.0	10	1e-10	0.0
P08648	28	L,L,L,L,L,L	1	6.0	6	1e-10	0.0
Q9BU76	189	K,K,K,K,K,K	1	6.0	6	1e-10	0.0
Q9NR55	22	QP,QP,QP,Q-	2	3.5	7	1e-10	0.0
Q15149	4655	S,S,S,S,Y,S,S,S	1	8.0	8	0.09954833992384035	0.0
Q15149	2080	EL,EL,EL	2	3.0	6	1e-10	9.999999999998899e-05
Q96QZ7	402	Q,Q,Q,Q,Q,Q,Q,Q,Q,Q,Q,Q,Q,Q,Q,Q,Q,Q,Q,Q	1	20.0	20	1e-10	0.0
P09683	6	L,L,L,L,L,L,L,L	1	8.0	8	1e-10	0.0
Q96CK0	218	A,A,A,A,A,A,A,A	1	8.0	8	1e-10	0.0
Q96CK0	9	EA,EA,EA,EA	2	4.0	8	1e-10	0.0
Q9HCN2	85	GL,GL,GL	2	3.0	6	1e-10	9.999999999998899e-05
Q8NBZ9	231	A,A,A,A,A,A,A,A,A	1	9.0	9	1e-10	0.0
Q8NBZ9	161	P,P,P,P,P,P	1	6.0	6	1e-10	0.0
Q9BRK4	312	P,P,P,P,P,P,P,P	1	8.0	8	1e-10	0.0
Q9BRK4	188	S,S,S,S,S,S,S,S,S,S	1	10.0	10	1e-10	0.0
Q9BRK4	380	AQR,AQR,AQ-	3	2.6666666666666665	8	1e-10	0.0
Q9UL54	968	L,L,L,L,L,L,L	1	7.0	7	1e-10	0.0
Q9UL54	900	E,E,E,E,E,E,E,E	1	8.0	8	1e-10	0.0
Q9UL54	378	E,E,E,E,E,E,E,E,E,E,E,E,E,E,E	1	15.0	15	1e-10	0.0
Q12948	438	S,S,S,S,S,S	1	6.0	6	1e-10	0.0
Q12948	447	G,G,G,G,G,G,G,G,G,G	1	10.0	10	1e-10	0.0
Q12948	375	G,G,G,G,G,G	1	6.0	6	1e-10	0.0
Q12948	488	A,A,A,A,A,A,A,A	1	8.0	8	1e-10	0.0
Q12948	28	A,A,A,A,A,A	1	6.0	6	1e-10	0.0
Q12948	384	AGG,AGG,AG-	3	2.6666666666666665	8	1e-10	0.0
Q13724	313	GQ,GQ,GQ	2	3.0	6	1e-10	0.0
O75427	473	AP,AP,AP,A-	2	3.5	7	1e-10	0.0
Q9Y6R0	427	Q,Q,Q,Q,Q,Q,Q,Q,Q,Q,Q,Q,Q,Q,Q,Q,Q,Q,Q,Q	1	20.0	20	1e-10	0.0
Q9Y6R0	566	PA,PA,PA,P-	2	3.5	7	1e-10	0.0
P25686	74	TG,TG,TG	2	3.0	6	1e-10	0.0
P98161	3566	VA,VA,VA,V-	2	3.5	7	1e-10	0.0
Q5T8A7	800	AS,AS,AS	2	3.0	6	1e-10	0.0
Q5VWQ8	920	P,P,P,P,P,P,P,P,P,P	1	10.0	10	1e-10	0.0
Q5VWQ8	112	A,A,A,A,A,A	1	6.0	6	1e-10	0.0
Q5VWQ8	30	RS,RS,RS,R-	2	3.5	7	1e-10	0.0
